{"text": " This is our model for speech to text.", "segments": [{"id": 0, "seek": 0, "start": 0.0, "end": 2.0, "text": " This is our model for speech to text.", "tokens": [50364, 639, 307, 527, 2316, 337, 6218, 281, 2487, 13, 50464], "temperature": 0.0, "avg_logprob": -0.2962648073832194, "compression_ratio": 0.8604651162790697, "no_speech_prob": 0.0054726386442780495}], "language": "en"}